{
    "loss": 0.1294090896844864,
    "accuracy": 0.9568345546722412
}